{"cameraMode":{"drawMode":0,"name":"Shaded","section":"Shading Mode"},"sceneLighting":true,"audioPlay":false,"sceneViewState":{"m_AlwaysRefresh":false,"showFog":true,"showSkybox":true,"showFlares":true,"showImageEffects":true,"showParticleSystems":true,"showVisualEffectGraphs":true,"m_FxEnabled":true},"in2DMode":false,"pivot":{"x":-2.211836099624634,"y":12.049856185913086,"z":0.11474275588989258},"rotation":{"x":0.04946906492114067,"y":-0.020972833037376405,"z":0.0010384013876318932,"w":0.9985563158988953},"size":14.934847831726075,"orthographic":false}